{"cameraMode":{"drawMode":0,"name":"Shaded","section":"Shading Mode"},"sceneLighting":false,"audioPlay":false,"sceneViewState":{"m_AlwaysRefresh":false,"showFog":true,"showSkybox":false,"showFlares":true,"showImageEffects":true,"showParticleSystems":true,"showVisualEffectGraphs":true,"m_FxEnabled":true},"in2DMode":false,"pivot":{"x":-1.2306489944458008,"y":1.0840424299240113,"z":0.3343406915664673},"rotation":{"x":-0.09709902852773667,"y":-0.2996848523616791,"z":0.030666755512356759,"w":-0.9486520886421204},"size":0.09186362475156784,"orthographic":false}