{"cameraMode":{"drawMode":0,"name":"Shaded","section":"Shading Mode"},"sceneLighting":false,"audioPlay":false,"sceneViewState":{"m_AlwaysRefresh":false,"showFog":true,"showSkybox":false,"showFlares":true,"showImageEffects":true,"showParticleSystems":true,"showVisualEffectGraphs":true,"m_FxEnabled":true},"in2DMode":false,"pivot":{"x":1.222807765007019,"y":1.4279389381408692,"z":-0.5200461745262146},"rotation":{"x":-0.13904066383838654,"y":0.013381367549300194,"z":-0.0019015016732737423,"w":-0.9902528524398804},"size":0.08172263950109482,"orthographic":false}