{"cameraMode":{"drawMode":0,"name":"Shaded","section":"Shading Mode"},"sceneLighting":false,"audioPlay":false,"sceneViewState":{"m_AlwaysRefresh":false,"showFog":true,"showSkybox":false,"showFlares":true,"showImageEffects":true,"showParticleSystems":true,"showVisualEffectGraphs":true,"m_FxEnabled":true},"in2DMode":false,"pivot":{"x":1.1941535472869874,"y":1.100052833557129,"z":0.4864541292190552},"rotation":{"x":-0.24933941662311555,"y":0.010177970863878727,"z":-0.0026442138478159906,"w":-0.9684187173843384},"size":0.08172263950109482,"orthographic":false}