{"cameraMode":{"drawMode":0,"name":"Shaded","section":"Shading Mode"},"sceneLighting":true,"audioPlay":false,"sceneViewState":{"m_AlwaysRefresh":false,"showFog":true,"showSkybox":true,"showFlares":true,"showImageEffects":true,"showParticleSystems":true,"showVisualEffectGraphs":true,"m_FxEnabled":true},"in2DMode":false,"pivot":{"x":-24.024595260620118,"y":16.714279174804689,"z":10.586851119995118},"rotation":{"x":-0.07518661022186279,"y":-0.8953902721405029,"z":0.16712461411952973,"w":-0.40717700123786929},"size":0.6952551007270813,"orthographic":false}